<?xml version="1.0" ?>
	<testanimation>
		<Bone id="joint1" parent="world" pivot_x="0.000000" pivot_y="0.85000" image="bone.png" handle_x="0.500000" handle_y="0.000000">
			<frame id="48.0">
				<translate x="3.000000" y="2.000000" z="0.000000"/>
				<rotate x="0.000000" y="0.000000" z="-12.600000"/>
				<scale x="1.000000" y="1.000000" z="1.000000"/>
			</frame>
			<frame id="1.0">
				<translate x="3.000000" y="2.000000" z="0.000000"/>
				<rotate x="0.000000" y="0.000000" z="0.000000"/>
				<scale x="1.000000" y="1.000000" z="1.000000"/>
			</frame>
			<frame id="10.0">
				<translate x="3.000000" y="2.000000" z="0.000000"/>
				<rotate x="0.000000" y="0.000000" z="52.642800"/>
				<scale x="1.000000" y="1.000000" z="1.000000"/>
			</frame>
			<frame id="35.0">
				<translate x="3.000000" y="2.000000" z="0.000000"/>
				<rotate x="0.000000" y="0.000000" z="6.999011"/>
				<scale x="1.000000" y="1.000000" z="1.000000"/>
			</frame>
			<frame id="24.0">
				<translate x="3.000000" y="2.000000" z="0.000000"/>
				<rotate x="0.000000" y="0.000000" z="70.419088"/>
				<scale x="1.000000" y="1.000000" z="1.000000"/>
			</frame>
		</Bone>
		<Bone id="joint2" parent="joint1" pivot_x="0.000000" pivot_y="0.850000" image="bone.png"  handle_x="0.500000" handle_y="0.000000">
			<frame id="48.0">
				<translate x="0.000000" y="4.000000" z="0.000000"/>
				<rotate x="0.000000" y="0.000000" z="-12.600000"/>
				<scale x="1.000000" y="1.000000" z="1.000000"/>
			</frame>
			<frame id="1.0">
				<translate x="0.000000" y="4.000000" z="0.000000"/>
				<rotate x="0.000000" y="0.000000" z="0.000000"/>
				<scale x="1.000000" y="1.000000" z="1.000000"/>
			</frame>
			<frame id="10.0">
				<translate x="0.000000" y="4.000000" z="0.000000"/>
				<rotate x="0.000000" y="0.000000" z="52.642800"/>
				<scale x="1.000000" y="1.000000" z="1.000000"/>
			</frame>
			<frame id="35.0">
				<translate x="0.000000" y="4.000000" z="0.000000"/>
				<rotate x="0.000000" y="0.000000" z="6.999011"/>
				<scale x="1.000000" y="1.000000" z="1.000000"/>
			</frame>
			<frame id="24.0">
				<translate x="0.000000" y="4.000000" z="0.000000"/>
				<rotate x="0.000000" y="0.000000" z="70.419088"/>
				<scale x="1.000000" y="1.000000" z="1.000000"/>
			</frame>
		</Bone>
		<Bone id="joint3" parent="joint2" pivot_x="0.000000" pivot_y="0.850000" image="bone.png"  handle_x="0.500000" handle_y="0.000000">
			<frame id="48.0">
				<translate x="0.000000" y="4.000000" z="0.000000"/>
				<rotate x="0.000000" y="0.000000" z="-12.600000"/>
				<scale x="1.000000" y="1.000000" z="1.000000"/>
			</frame>
			<frame id="1.0">
				<translate x="0.000000" y="4.000000" z="0.000000"/>
				<rotate x="0.000000" y="0.000000" z="0.000000"/>
				<scale x="1.000000" y="1.000000" z="1.000000"/>
			</frame>
			<frame id="10.0">
				<translate x="0.000000" y="4.000000" z="0.000000"/>
				<rotate x="0.000000" y="0.000000" z="52.642800"/>
				<scale x="1.000000" y="1.000000" z="1.000000"/>
			</frame>
			<frame id="35.0">
				<translate x="0.000000" y="4.000000" z="0.000000"/>
				<rotate x="0.000000" y="0.000000" z="6.999011"/>
				<scale x="1.000000" y="1.000000" z="1.000000"/>
			</frame>
			<frame id="24.0">
				<translate x="0.000000" y="4.000000" z="0.000000"/>
				<rotate x="0.000000" y="0.000000" z="70.419088"/>
				<scale x="1.000000" y="1.000000" z="1.000000"/>
			</frame>
		</Bone>
		<Bone id="joint4" parent="joint3" pivot_x="0.000000" pivot_y="0.850000" image="bone.png"  handle_x="0.500000" handle_y="0.000000">
			<frame id="48.0">
				<translate x="0.000000" y="4.000000" z="0.000000"/>
				<rotate x="0.000000" y="0.000000" z="-12.600000"/>
				<scale x="1.000000" y="1.000000" z="1.000000"/>
			</frame>
			<frame id="1.0">
				<translate x="0.000000" y="4.000000" z="0.000000"/>
				<rotate x="0.000000" y="0.000000" z="0.000000"/>
				<scale x="1.000000" y="1.000000" z="1.000000"/>
			</frame>
			<frame id="10.0">
				<translate x="0.000000" y="4.000000" z="0.000000"/>
				<rotate x="0.000000" y="0.000000" z="52.642800"/>
				<scale x="1.000000" y="1.000000" z="1.000000"/>
			</frame>
			<frame id="35.0">
				<translate x="0.000000" y="4.000000" z="0.000000"/>
				<rotate x="0.000000" y="0.000000" z="6.999011"/>
				<scale x="1.000000" y="1.000000" z="1.000000"/>
			</frame>
			<frame id="24.0">
				<translate x="0.000000" y="4.000000" z="0.000000"/>
				<rotate x="0.000000" y="0.000000" z="70.419088"/>
				<scale x="1.000000" y="1.000000" z="1.000000"/>
			</frame>
		</Bone>
	</testanimation>
